      YEAR,MONTH          ,STATUS ,     COUNT,     TOTAL,PERCENTAGE
----------,---------------,-------,----------,----------,----------
      2018,NOVEMBER       ,On Time,     14531,     16563,      87.7
      2026,JULY           ,On Time,     16241,     18433,      88.1
      2019,JULY           ,On Time,     15947,     17801,      89.6
      2020,AUGUST         ,On Time,     14612,     16297,      89.7
      2025,JULY           ,On Time,     16912,     18817,      89.9
      2025,JUNE           ,On Time,     16340,     18128,      90.1
      2024,JULY           ,On Time,     17042,     18772,      90.8
      2025,DECEMBER       ,On Time,     17020,     18743,      90.8
      2024,AUGUST         ,On Time,     16983,     18691,      90.9
      2018,AUGUST         ,On Time,     17280,     18963,      91.1
      2021,NOVEMBER       ,On Time,     15829,     17363,      91.2
      2019,NOVEMBER       ,On Time,     15506,     16949,      91.5
      2018,JANUARY        ,On Time,     17023,     18576,      91.6
      2018,DECEMBER       ,On Time,     15109,     16481,      91.7
      2020,JULY           ,On Time,     15927,     17378,      91.7
      2026,MARCH          ,On Time,     17135,     18677,      91.7
      2018,MARCH          ,On Time,     16879,     18357,      91.9
      2018,OCTOBER        ,On Time,     16328,     17775,      91.9
      2026,FEBRUARY       ,On Time,     14505,     15784,      91.9
      2026,JUNE           ,On Time,     16647,     18105,      91.9
      2019,JUNE           ,On Time,     15571,     16923,        92
      2025,NOVEMBER       ,On Time,     15886,     17242,      92.1
      2023,SEPTEMBER      ,On Time,     16309,     17687,      92.2
      2025,OCTOBER        ,On Time,     17482,     18964,      92.2
      2023,JULY           ,On Time,     16763,     18171,      92.3
      2024,JUNE           ,On Time,     16266,     17626,      92.3
      2019,FEBRUARY       ,On Time,     14113,     15274,      92.4
      2018,JULY           ,On Time,     16989,     18364,      92.5
      2019,OCTOBER        ,On Time,     16857,     18227,      92.5
      2020,DECEMBER       ,On Time,     15598,     16865,      92.5
      2021,SEPTEMBER      ,On Time,     15312,     16554,      92.5
      2026,JANUARY        ,On Time,     15963,     17252,      92.5
      2019,JANUARY        ,On Time,     15672,     16918,      92.6
      2023,JUNE           ,On Time,     16798,     18130,      92.7
      2019,DECEMBER       ,On Time,     16315,     17568,      92.9
      2024,DECEMBER       ,On Time,     17037,     18340,      92.9
      2024,NOVEMBER       ,On Time,     16188,     17412,        93
      2018,SEPTEMBER      ,On Time,     15568,     16696,      93.2
      2021,OCTOBER        ,On Time,     16400,     17598,      93.2
      2023,DECEMBER       ,On Time,     16707,     17921,      93.2
      2023,OCTOBER        ,On Time,     17330,     18583,      93.3
      2024,MAY            ,On Time,     17323,     18564,      93.3
      2025,JANUARY        ,On Time,     17194,     18436,      93.3
      2025,MAY            ,On Time,     15162,     16250,      93.3
      2019,AUGUST         ,On Time,     16576,     17747,      93.4
      2020,NOVEMBER       ,On Time,     15274,     16357,      93.4
      2022,NOVEMBER       ,On Time,     16459,     17630,      93.4
      2023,AUGUST         ,On Time,     17735,     18983,      93.4
      2025,FEBRUARY       ,On Time,     15519,     16611,      93.4
      2026,APRIL          ,On Time,     17080,     18291,      93.4
      2024,OCTOBER        ,On Time,     17632,     18859,      93.5
      2023,NOVEMBER       ,On Time,     16566,     17696,      93.6
      2019,SEPTEMBER      ,On Time,     15839,     16900,      93.7
      2021,JULY           ,On Time,     16689,     17805,      93.7
      2022,OCTOBER        ,On Time,     16975,     18112,      93.7
      2025,SEPTEMBER      ,On Time,     16972,     18104,      93.7
      2026,MAY            ,On Time,     16984,     18135,      93.7
      2021,FEBRUARY       ,On Time,     13377,     14261,      93.8
      2021,AUGUST         ,On Time,     16924,     18036,      93.8
      2022,JUNE           ,On Time,     17001,     18129,      93.8
      2025,AUGUST         ,On Time,     17408,     18549,      93.8
      2018,MAY            ,On Time,     17702,     18844,      93.9
      2022,JANUARY        ,On Time,     16814,     17908,      93.9
      2022,AUGUST         ,On Time,     17777,     18928,      93.9
      2017,DECEMBER       ,On Time,     17130,     18226,        94
      2018,JUNE           ,On Time,     16868,     17920,      94.1
      2024,SEPTEMBER      ,On Time,     16588,     17636,      94.1
      2025,APRIL          ,On Time,     17166,     18250,      94.1
      2022,MARCH          ,On Time,     17285,     18334,      94.3
      2024,JANUARY        ,On Time,     17360,     18404,      94.3
      2019,MAY            ,On Time,     16672,     17661,      94.4
      2020,JANUARY        ,On Time,     16683,     17675,      94.4
      2021,JANUARY        ,On Time,     15646,     16573,      94.4
      2022,JULY           ,On Time,     17080,     18101,      94.4
      2017,OCTOBER        ,On Time,     17620,     18630,      94.6
      2021,JUNE           ,On Time,     16613,     17557,      94.6
      2022,DECEMBER       ,On Time,     17339,     18316,      94.7
      2025,MARCH          ,On Time,     17457,     18425,      94.7
      2017,NOVEMBER       ,On Time,     17230,     18179,      94.8
      2017,JULY           ,On Time,     17023,     17948,      94.8
      2018,APRIL          ,On Time,     17169,     18120,      94.8
      2024,APRIL          ,On Time,     17253,     18202,      94.8
      2017,AUGUST         ,On Time,     17908,     18866,      94.9
      2021,MAY            ,On Time,     15938,     16794,      94.9
      2023,MARCH          ,On Time,     17801,     18753,      94.9
      2019,MARCH          ,On Time,     15989,     16829,        95
      2021,DECEMBER       ,On Time,     17635,     18537,      95.1
      2022,SEPTEMBER      ,On Time,     16997,     17881,      95.1
      2023,FEBRUARY       ,On Time,     15756,     16544,      95.2
      2022,FEBRUARY       ,On Time,     15740,     16512,      95.3
      2017,SEPTEMBER      ,On Time,     16707,     17518,      95.4
      2020,FEBRUARY       ,On Time,     15544,     16285,      95.4
      2021,MARCH          ,On Time,     16915,     17730,      95.4
      2017,FEBRUARY       ,On Time,     16004,     16765,      95.5
      2019,APRIL          ,On Time,     16086,     16822,      95.6
      2024,MARCH          ,On Time,     17536,     18346,      95.6
      2017,APRIL          ,On Time,     16452,     17188,      95.7
      2021,APRIL          ,On Time,     16350,     17076,      95.7
      2024,FEBRUARY       ,On Time,     16572,     17313,      95.7
      2023,APRIL          ,On Time,     16679,     17408,      95.8
      2020,APRIL          ,On Time,     11726,     12226,      95.9
      2020,MAY            ,On Time,     11841,     12351,      95.9
      2022,MAY            ,On Time,     17438,     18178,      95.9
      2023,MAY            ,On Time,     17709,     18464,      95.9
      2017,JUNE           ,On Time,     17457,     18186,        96
      2017,MARCH          ,On Time,     17679,     18398,      96.1
      2017,MAY            ,On Time,     17806,     18525,      96.1
      2017,JANUARY        ,On Time,     17576,     18271,      96.2
      2020,MARCH          ,On Time,     15336,     15926,      96.3
      2020,OCTOBER        ,On Time,     16863,     17504,      96.3
      2020,SEPTEMBER      ,On Time,     16211,     16808,      96.4
      2022,APRIL          ,On Time,     17092,     17734,      96.4
      2018,FEBRUARY       ,On Time,     16212,     16767,      96.7
      2023,JANUARY        ,On Time,     17462,     18053,      96.7
      2020,JUNE           ,On Time,     11769,     12153,      96.8
